cropid	cropname	primary(1)_secondary(2)_feed(3)	Edible_(1 yes)_(0isno)_(2isnonnutritinoal)	ProductionL	TradeL	FBS ID	FBS name	group	kcal/ton	Protein(g/ton)	Fat(g/ton)	Group	Groupnum
15	Wheat	1	1	1	1	2511	Wheat	Cereals	3340000	122000	23000	1 - CEREALS AND CEREAL PRODUCTS	1
16	Flour of Wheat	2		0	1	2511	Wheat	Cereals	3640000	109000	11000	1 - CEREALS AND CEREAL PRODUCTS	1
17	Bran of Wheat	3		0	1	2511	Wheat	Cereals	2130000	121000	31000	11 - FODDER CROPS AND PRODUCTS	11
18	Macaroni	2		0	1	2511	Wheat	Cereals	3670000	110000	11000	1 - CEREALS AND CEREAL PRODUCTS	1
19	Germ of Wheat	2		0	1	2511	Wheat	Cereals	3820000	291000	107000	1 - CEREALS AND CEREAL PRODUCTS	1
20	Bread	2		0	1	2511	Wheat	Cereals	2490000	82000	12000	1 - CEREALS AND CEREAL PRODUCTS	1
21	Bulgur	1		1	1	2511	Wheat	Cereals	3450000	123000	20000	1 - CEREALS AND CEREAL PRODUCTS	1
22	Pastry	2		0	1	2511	Wheat	Cereals	3690000	74000	170000	1 - CEREALS AND CEREAL PRODUCTS	1
27	"Rice, paddy"	1	1	1	1	2805	Rice (Milled Equivalent)	Cereals	2800000	60000	14000	1 - CEREALS AND CEREAL PRODUCTS	1
28	Rice Husked	2		0	1	2805	Rice (Milled Equivalent)	Cereals	3570000	75000	18000	1 - CEREALS AND CEREAL PRODUCTS	1
29	Milled/Husked Rice	2		0	1	2805	Rice (Milled Equivalent)	Cereals	3570000	75000	18000	1 - CEREALS AND CEREAL PRODUCTS	1
31	Rice Milled	2		0	1	2805	Rice (Milled Equivalent)	Cereals	3600000	67000	7000	1 - CEREALS AND CEREAL PRODUCTS	1
32	Rice Broken	2		0	1	2805	Rice (Milled Equivalent)	Cereals	3600000	67000	7000	1 - CEREALS AND CEREAL PRODUCTS	1
35	Bran of Rice	3		0	1	2805	Rice (Milled Equivalent)	Cereals	2760000	133000	158000	11 - FODDER CROPS AND PRODUCTS	11
36	Rice bran oil	2		0	1	2581	Ricebran Oil	Oil	8840000	0	1000000	14 - VEGETABLE AND ANIMAL OILS AND FATS	14
37	Cake Rice Bran	3		0	0		#N/A	#N/A	#N/A	#N/A	#N/A	11 - FODDER CROPS AND PRODUCTS	11
38	Rice Flour	2		0	1	2805	Rice (Milled Equivalent)	Cereals	3660000	64000	8000	1 - CEREALS AND CEREAL PRODUCTS	1
39	Rice Fermented Beverages	2		0	1	2657	"Beverages, Fermented"	Beverages	1330000	3000	0	15 - BEVERAGES	15
41	Breakfast Cereals	2		0	1	2511	Wheat	Cereals	3890000	74000	7000	1 - CEREALS AND CEREAL PRODUCTS	1
44	Barley	1	1	1	1	2513	Barley	Cereals	3320000	110000	18000	1 - CEREALS AND CEREAL PRODUCTS	1
45	Pot Barley	2		0	1	2513	Barley	Cereals	3480000	96000	11000	1 - CEREALS AND CEREAL PRODUCTS	1
46	Barley Pearled	2		0	1	2513	Barley	Cereals	3460000	90000	14000	1 - CEREALS AND CEREAL PRODUCTS	1
47	Bran of Barley	3		0	0	2513	Barley	Cereals	#N/A	#N/A	#N/A	11 - FODDER CROPS AND PRODUCTS	11
48	Barley Flour and Grits	2		0	1	2513	Barley	Cereals	3430000	92000	17000	1 - CEREALS AND CEREAL PRODUCTS	1
49	Malt	2		0	1	2513	Barley	Cereals	3680000	131000	19000	1 - CEREALS AND CEREAL PRODUCTS	1
50	Malt Extract	2		0	1	2513	Barley	Cereals	3670000	60000	0	1 - CEREALS AND CEREAL PRODUCTS	1
51	Beer of Barley	2		0	1	2656	Beer	Beverages	490000	5000	0	15 - BEVERAGES	15
56	Maize	1	1	1	1	2514	Maize	Cereals	3560000	95000	43000	1 - CEREALS AND CEREAL PRODUCTS	1
57	Germ of Maize	2		0	1	2514	Maize	Cereals	3730000	111000	385000	1 - CEREALS AND CEREAL PRODUCTS	1
58	Flour of Maize	2		0	1	2514	Maize	Cereals	3630000	84000	12000	1 - CEREALS AND CEREAL PRODUCTS	1
59	Bran of Maize	3		0	0	2514	Maize	Cereals	#N/A	#N/A	#N/A	11 - FODDER CROPS AND PRODUCTS	11
60	Maize oil	2		0	1	2514	Maize	Cereals	8840000	0	1000000	14 - VEGETABLE AND ANIMAL OILS AND FATS	14
61	Cake of Maize	3		0	0		#N/A	#N/A	#N/A	#N/A	#N/A	11 - FODDER CROPS AND PRODUCTS	11
68	Popcorn	2		0	1	2520	"Cereals, Other"	Cereals	3560000	95000	43000	1 - CEREALS AND CEREAL PRODUCTS	1
71	Rye	1	1	1	1	2515	Rye	Cereals	3190000	110000	19000	1 - CEREALS AND CEREAL PRODUCTS	1
72	Flour of Rye	2		0	1	2515	Rye	Cereals	3410000	90000	18000	1 - CEREALS AND CEREAL PRODUCTS	1
73	Bran of Rye	3		0	0	2515	Rye	Cereals	#N/A	#N/A	#N/A	11 - FODDER CROPS AND PRODUCTS	11
75	Oats	1	1	1	1	2516	Oats	Cereals	3850000	130000	75000	1 - CEREALS AND CEREAL PRODUCTS	1
76	Oats Rolled	2		0	1	2516	Oats	Cereals	3840000	160000	63000	1 - CEREALS AND CEREAL PRODUCTS	1
77	Bran of Oats	3		0	0	2516	Oats	Cereals	#N/A	#N/A	#N/A	11 - FODDER CROPS AND PRODUCTS	11
79	Millet	1	1	1	1	2517	Millet	Cereals	3400000	97000	30000	1 - CEREALS AND CEREAL PRODUCTS	1
80	Flour of Millet	2		0	1	2517	Millet	Cereals	3400000	97000	30000	1 - CEREALS AND CEREAL PRODUCTS	1
81	Bran of Millet	3		0	0	2517	Millet	Cereals	#N/A	#N/A	#N/A	11 - FODDER CROPS AND PRODUCTS	11
83	Sorghum	1	1	1	1	2518	Sorghum	Cereals	3430000	101000	33000	1 - CEREALS AND CEREAL PRODUCTS	1
84	Flour of Sorghum	2		0	1	2518	Sorghum	Cereals	3430000	101000	33000	1 - CEREALS AND CEREAL PRODUCTS	1
85	Bran of Sorghum	3		0	0	2518	Sorghum	Cereals	#N/A	#N/A	#N/A	11 - FODDER CROPS AND PRODUCTS	11
86	Beer of Sorghum	2		0	1	2657	"Beverages, Fermented"	Beverages	400000	4000	0	15 - BEVERAGES	15
89	Buckwheat	1	1	1	1	2520	"Cereals, Other"	Cereals	3300000	110000	20000	1 - CEREALS AND CEREAL PRODUCTS	1
90	Flour of Buckwheat	2		0	1	2520	"Cereals, Other"	Cereals	3440000	64000	12000	1 - CEREALS AND CEREAL PRODUCTS	1
91	Bran Buckwheat	3		0	0	2520	"Cereals, Other"	Cereals	#N/A	#N/A	#N/A	11 - FODDER CROPS AND PRODUCTS	11
92	Quinoa	1	1	1	1	2520	"Cereals, Other"	Cereals	3420000	120000	50000	1 - CEREALS AND CEREAL PRODUCTS	1
94	Fonio	1	1	1	1	2520	"Cereals, Other"	Cereals	3380000	80000	30000	1 - CEREALS AND CEREAL PRODUCTS	1
95	Flour of Fonio	2		0	1	2520	"Cereals, Other"	Cereals	3550000	90000	22000	1 - CEREALS AND CEREAL PRODUCTS	1
96	Bran of Fonio	3		0	0	2520	"Cereals, Other"	Cereals	#N/A	#N/A	#N/A	11 - FODDER CROPS AND PRODUCTS	11
97	Triticale	1	1	1	1	2520	"Cereals, Other"	Cereals	3270000	116000	21000	1 - CEREALS AND CEREAL PRODUCTS	1
101	Canary seed	1	0	1	1	2520	"Cereals, Other"	Cereals	3880000	160000	60000	1 - CEREALS AND CEREAL PRODUCTS	1
103	Mixed grain	1	1	1	1	2520	"Cereals, Other"	Cereals	3400000	80000	15000	1 - CEREALS AND CEREAL PRODUCTS	1
104	Flour of Mixed Grain	2		0	1	2520	"Cereals, Other"	Cereals	3640000	100000	11000	1 - CEREALS AND CEREAL PRODUCTS	1
105	Bran of Mixed Grains	3		0	0	2520	"Cereals, Other"	Cereals	#N/A	#N/A	#N/A	11 - FODDER CROPS AND PRODUCTS	11
108	"Cereals, nes"	1	1	1	1	2520	"Cereals, Other"	Cereals	3400000	80000	15000	1 - CEREALS AND CEREAL PRODUCTS	1
109	Infant Food	2		0	1		#N/A	#N/A	3680000	152000	29000	1 - CEREALS AND CEREAL PRODUCTS	1
110	Wafers	2		0	1	2511	Wheat	Cereals	4390000	92000	131000	1 - CEREALS AND CEREAL PRODUCTS	1
111	Flour of Cereals	2		0	1	2520	"Cereals, Other"	Cereals	3640000	100000	11000	1 - CEREALS AND CEREAL PRODUCTS	1
112	Bran of Cereals	3		0	0	2520	"Cereals, Other"	Cereals	#N/A	#N/A	#N/A	11 - FODDER CROPS AND PRODUCTS	11
113	"Cereal Preparations, Nes"	2		0	1	2520	"Cereals, Other"	Cereals	3640000	100000	11000	1 - CEREALS AND CEREAL PRODUCTS	1
114	Mixes and Doughs	2		0	1	2511	Wheat	Cereals	3930000	62000	120000	1 - CEREALS AND CEREAL PRODUCTS	1
115	"Food Prep,Flour,Malt Extract"	2		0	1	2511	Wheat	Cereals	3770000	75000	27000	1 - CEREALS AND CEREAL PRODUCTS	1
116	Potatoes	1	1	1	1	2531	Potatoes	Roots	670000	16000	1000	2 - ROOTS AND TUBERS AND DERIVED PRODUCTS	2
117	Potatoes Flour	2		0	1	2531	Potatoes	Roots	3490000	85000	4000	2 - ROOTS AND TUBERS AND DERIVED PRODUCTS	2
118	Frozen Potatoes	2		0	1	2531	Potatoes	Roots	730000	12000	0	2 - ROOTS AND TUBERS AND DERIVED PRODUCTS	2
120	Potato Offals	3		0	0		#N/A	#N/A	#N/A	#N/A	#N/A	11 - FODDER CROPS AND PRODUCTS	11
121	Tapioca of Potatoes	2		0	1	2531	Potatoes	Roots	3620000	5000	3000	2 - ROOTS AND TUBERS AND DERIVED PRODUCTS	2
122	Sweet potatoes	1	1	1	1	2533	Sweet Potatoes	Roots	920000	7000	2000	2 - ROOTS AND TUBERS AND DERIVED PRODUCTS	2
125	Cassava	1	1	1	1	2532	Cassava	Roots	1090000	9000	2000	2 - ROOTS AND TUBERS AND DERIVED PRODUCTS	2
126	Flour of Cassava	2		0	1	2532	Cassava	Roots	3380000	15000	6000	2 - ROOTS AND TUBERS AND DERIVED PRODUCTS	2
127	Tapioca of Cassava	2		0	1	2532	Cassava	Roots	3620000	5000	3000	2 - ROOTS AND TUBERS AND DERIVED PRODUCTS	2
128	Cassava Dried	2		0	1	2532	Cassava	Roots	2550000	28000	7000	2 - ROOTS AND TUBERS AND DERIVED PRODUCTS	2
129	Cassava Starch	2		0	1	2532	Cassava	Roots	3620000	5000	3000	2 - ROOTS AND TUBERS AND DERIVED PRODUCTS	2
135	Yautia (cocoyam)	1	1	1	1	2534	"Roots, Other"	Roots	1090000	17000	3000	2 - ROOTS AND TUBERS AND DERIVED PRODUCTS	2
136	Taro (cocoyam)	1	1	1	1	2534	"Roots, Other"	Roots	860000	15000	2000	2 - ROOTS AND TUBERS AND DERIVED PRODUCTS	2
137	Yams	1	1	1	1	2535	Yams	Roots	1010000	13000	2000	2 - ROOTS AND TUBERS AND DERIVED PRODUCTS	2
149	"Roots and Tubers, nes"	1	1	1	1	2534	"Roots, Other"	Roots	910000	16000	2000	2 - ROOTS AND TUBERS AND DERIVED PRODUCTS	2
150	Flour of Roots and Tubers	2		0	1	2534	"Roots, Other"	Roots	2820000	50000	6000	2 - ROOTS AND TUBERS AND DERIVED PRODUCTS	2
151	Roots and Tubers Dried	2		0	1	2534	"Roots, Other"	Roots	2820000	50000	6000	2 - ROOTS AND TUBERS AND DERIVED PRODUCTS	2
156	Sugar cane	1	1	1	1	2536	Sugar Cane	Fruits&Vegs	300000	2000	0	3 - SUGAR CROPS AND SWEETENERS AND DERIVED PRODUCTS	3
157	Sugar beet	1	1	1	1	2537	Sugar Beet	Roots	700000	13000	1000	3 - SUGAR CROPS AND SWEETENERS AND DERIVED PRODUCTS	3
160	Maple Sugar and Syrups	2		0	1	2543	"Sweeteners, Other"	Sugar	3480000	0	0	3 - SUGAR CROPS AND SWEETENERS AND DERIVED PRODUCTS	3
161	"Sugar crops, nes"	1	1	1	1	2543	"Sweeteners, Other"	Sugar	3900000	0	0	3 - SUGAR CROPS AND SWEETENERS AND DERIVED PRODUCTS	3
162	Sugar Raw Centrifugal	2		0	1	2542	Sugar (Raw Equivalent)	Sugar	3730000	0	0	3 - SUGAR CROPS AND SWEETENERS AND DERIVED PRODUCTS	3
163	Sugar Non- Centrifugal	2		0	1	2541	"Sugar, Non-Centrifugal"	Sugar	3510000	10000	0	3 - SUGAR CROPS AND SWEETENERS AND DERIVED PRODUCTS	3
164	Sugar Refined	2		0	1	2542	Sugar (Raw Equivalent)	Sugar	3870000	0	0	3 - SUGAR CROPS AND SWEETENERS AND DERIVED PRODUCTS	3
165	Molasses	2		0	1	2543	"Sweeteners, Other"	Sugar	2320000	0	0	3 - SUGAR CROPS AND SWEETENERS AND DERIVED PRODUCTS	3
166	Other Fructose and Syrup	2		0	1	2543	"Sweeteners, Other"	Sugar	2980000	3000	0	3 - SUGAR CROPS AND SWEETENERS AND DERIVED PRODUCTS	3
167	"Sugar, nes"	2		0	1	2543	"Sweeteners, Other"	Sugar	3100000	0	0	3 - SUGAR CROPS AND SWEETENERS AND DERIVED PRODUCTS	3
168	Sugar Confectionery	2		0	1	2542	Sugar (Raw Equivalent)	Sugar	3100000	0	0	3 - SUGAR CROPS AND SWEETENERS AND DERIVED PRODUCTS	3
169	Beet Pulp	3		0	0		#N/A	#N/A	#N/A	#N/A	#N/A	11 - FODDER CROPS AND PRODUCTS	11
170	Bagasse	3		0	0		#N/A	#N/A	#N/A	#N/A	#N/A	11 - FODDER CROPS AND PRODUCTS	11
171	Sugar flavoured	2		0	1	2542	Sugar (Raw Equivalent)	Sugar	3100000	0	0	3 - SUGAR CROPS AND SWEETENERS AND DERIVED PRODUCTS	3
172	Glucose and Dextrose	2		0	1	2543	"Sweeteners, Other"	Sugar	3680000	0	0	3 - SUGAR CROPS AND SWEETENERS AND DERIVED PRODUCTS	3
173	Lactose	2		0	1	2543	"Sweeteners, Other"	Sugar	3870000	0	0	3 - SUGAR CROPS AND SWEETENERS AND DERIVED PRODUCTS	3
175	Isoglucose	2		0	1	2543	"Sweeteners, Other"	Sugar	3180000	0	0	3 - SUGAR CROPS AND SWEETENERS AND DERIVED PRODUCTS	3
176	"Beans, dry"	1	1	1	1	2546	Beans	Oilseeds	3410000	221000	17000	4 - PULSES AND DERIVED PRODUCTS	4
181	"Broad beans, horse beans, dry"	1	1	1	1	2549	"Pulses, Other"	Oilseeds	3430000	234000	20000	4 - PULSES AND DERIVED PRODUCTS	4
187	"Peas, dry"	1	1	1	1	2547	Peas	Oilseeds	3460000	225000	18000	4 - PULSES AND DERIVED PRODUCTS	4
191	Chick peas	1	1	1	1	2549	"Pulses, Other"	Oilseeds	3580000	201000	45000	4 - PULSES AND DERIVED PRODUCTS	4
195	"Cow peas, dry"	1	1	1	1	2549	"Pulses, Other"	Oilseeds	3420000	234000	18000	4 - PULSES AND DERIVED PRODUCTS	4
197	Pigeon peas	1	1	1	1	2549	"Pulses, Other"	Oilseeds	3430000	209000	17000	4 - PULSES AND DERIVED PRODUCTS	4
201	Lentils	1	1	1	1	2549	"Pulses, Other"	Oilseeds	3460000	242000	18000	4 - PULSES AND DERIVED PRODUCTS	4
203	Bambara beans	1	1	1	1	2549	"Pulses, Other"	Oilseeds	3650000	177000	63000	4 - PULSES AND DERIVED PRODUCTS	4
205	Vetches	1	1	1	1	2549	"Pulses, Other"	Oilseeds	3250000	315000	19000	4 - PULSES AND DERIVED PRODUCTS	4
210	Lupins	1	1	1	1	2549	"Pulses, Other"	Oilseeds	3900000	400000	130000	4 - PULSES AND DERIVED PRODUCTS	4
211	"Pulses, nes"	1	1	1	1	2549	"Pulses, Other"	Oilseeds	3400000	220000	20000	4 - PULSES AND DERIVED PRODUCTS	4
212	Flour of Pulses	2		0	1	2549	"Pulses, Other"	Oilseeds	3400000	220000	20000	4 - PULSES AND DERIVED PRODUCTS	4
213	Bran of Pulses	3		0	0	2549	"Pulses, Other"	Oilseeds	#N/A	#N/A	#N/A	11 - FODDER CROPS AND PRODUCTS	11
216	"Brazil nuts, with shell"	1	1	1	1	2551	Nuts	Oilseeds	3150000	69000	318000	5 - NUTS AND DERIVED PRODUCTS	5
217	"Cashew nuts, with shell"	1	1	1	1	2551	Nuts	Oilseeds	2520000	77000	206000	5 - NUTS AND DERIVED PRODUCTS	5
220	Chestnuts	1	1	1	1	2551	Nuts	Oilseeds	1580000	18000	17000	5 - NUTS AND DERIVED PRODUCTS	5
221	"Almonds, with shell"	1	1	1	1	2551	Nuts	Oilseeds	2360000	80000	209000	5 - NUTS AND DERIVED PRODUCTS	5
222	"Walnuts, with shell"	1	1	1	1	2551	Nuts	Oilseeds	2890000	64000	278000	5 - NUTS AND DERIVED PRODUCTS	5
223	Pistachios	1	1	1	1	2551	Nuts	Oilseeds	2890000	103000	242000	5 - NUTS AND DERIVED PRODUCTS	5
224	Kolanuts	1	0	1	1	2551	Nuts	Oilseeds	3490000	90000	20000	5 - NUTS AND DERIVED PRODUCTS	5
225	"Hazelnuts, with shell"	1	1	1	1	2551	Nuts	Oilseeds	2910000	60000	288000	5 - NUTS AND DERIVED PRODUCTS	5
226	Arecanuts	1	1	1	1	2551	Nuts	Oilseeds	2450000	49000	44000	5 - NUTS AND DERIVED PRODUCTS	5
229	Brazil Nuts Shelled	2		0	1	2551	Nuts	Oilseeds	6560000	143000	662000	5 - NUTS AND DERIVED PRODUCTS	5
230	Cashew Nuts Shelled	2		0	1	2551	Nuts	Oilseeds	5740000	153000	464000	5 - NUTS AND DERIVED PRODUCTS	5
231	Almonds Shelled	2		0	1	2551	Nuts	Oilseeds	5890000	200000	522000	5 - NUTS AND DERIVED PRODUCTS	5
232	Walnuts Shelled	2		0	1	2551	Nuts	Oilseeds	6420000	143000	619000	5 - NUTS AND DERIVED PRODUCTS	5
233	Hazelnuts Shelled	2		0	1	2551	Nuts	Oilseeds	6320000	130000	626000	5 - NUTS AND DERIVED PRODUCTS	5
234	"Nuts, nes"	1	1	1	1	2551	Nuts	Oilseeds	2620000	70000	250000	5 - NUTS AND DERIVED PRODUCTS	5
235	Prepared Nuts (Exc.Groundnuts)	2		0	1	2551	Nuts	Oilseeds	6150000	155000	562000	5 - NUTS AND DERIVED PRODUCTS	5
236	Soybeans	1	1	1	1	2555	Soyabeans	Oilseeds	3350000	380000	180000	6 - OIL-BEARING CROPS AND DERIVED PRODUCTS	6
237	Soybean oil	2		0	1	2571	Soyabean Oil	Oil	8840000	0	1000000	14 - VEGETABLE AND ANIMAL OILS AND FATS	14
238	Cake of Soybeans	3		0	1	2590	Soyabean Cake	Other	2610000	460000	50000	11 - FODDER CROPS AND PRODUCTS	11
239	Soya Sauce	2		0	1	2555	Soyabeans	Oilseeds	560000	55000	5000	6 - OIL-BEARING CROPS AND DERIVED PRODUCTS	6
240	Soya Paste	2		0	1	2555	Soyabeans	Oilseeds	1140000	110000	58000	6 - OIL-BEARING CROPS AND DERIVED PRODUCTS	6
241	Soya Curd	2		0	1	2555	Soyabeans	Oilseeds	580000	63000	31000	6 - OIL-BEARING CROPS AND DERIVED PRODUCTS	6
242	"Groundnuts, with shell"	1	1	1	1	2556	Groundnuts (Shelled Eq)	Oilseeds	4140000	187000	359000	6 - OIL-BEARING CROPS AND DERIVED PRODUCTS	6
243	Groundnuts Shelled	2		0	1	2556	Groundnuts (Shelled Eq)	Oilseeds	5670000	257000	492000	6 - OIL-BEARING CROPS AND DERIVED PRODUCTS	6
244	Groundnut oil	2		0	1	2572	Groundnut Oil	Oil	8840000	0	1000000	14 - VEGETABLE AND ANIMAL OILS AND FATS	14
245	Cake of Groundnuts	3		0	1	2591	Groundnut Cake	Other	3630000	417000	76000	11 - FODDER CROPS AND PRODUCTS	11
246	Prepared Groundnuts	2		0	1	2556	Groundnuts (Shelled Eq)	Oilseeds	5800000	268000	492000	6 - OIL-BEARING CROPS AND DERIVED PRODUCTS	6
247	Peanut Butter	2		0	1	2556	Groundnuts (Shelled Eq)	Oilseeds	5890000	243000	500000	6 - OIL-BEARING CROPS AND DERIVED PRODUCTS	6
249	Coconuts	1	1	1	1	2560	Coconuts - Incl Copra	Oilseeds	1840000	17000	174000	6 - OIL-BEARING CROPS AND DERIVED PRODUCTS	6
250	Coconuts Desiccated	2		0	1	2560	Coconuts - Incl Copra	Oilseeds	6600000	69000	645000	6 - OIL-BEARING CROPS AND DERIVED PRODUCTS	6
251	Copra	1		1	1	2560	Coconuts - Incl Copra	Oilseeds	6360000	60000	614000	6 - OIL-BEARING CROPS AND DERIVED PRODUCTS	6
252	Coconut (copra) oil	2		0	1	2578	Coconut Oil	Oil	8840000	0	1000000	14 - VEGETABLE AND ANIMAL OILS AND FATS	14
253	Cake of Copra	3		0	0	2596	Copra Cake	Other	#N/A	#N/A	#N/A	11 - FODDER CROPS AND PRODUCTS	11
256	Palm kernels	1	1	1	1		#N/A	#N/A	5140000	73000	434000	6 - OIL-BEARING CROPS AND DERIVED PRODUCTS	6
257	Palm oil	1	1	1	1	2577	Palm Oil	Oil	8840000	0	1000000	14 - VEGETABLE AND ANIMAL OILS AND FATS	14
258	Palm kernel oil	2		0	1	2576	Palmkernel Oil	Oil	8840000	0	1000000	14 - VEGETABLE AND ANIMAL OILS AND FATS	14
259	Cake of Palm Kernel	3		0	0	2595	Palmkernel Cake	Other	#N/A	#N/A	#N/A	11 - FODDER CROPS AND PRODUCTS	11
260	Olives	1	1	1	1	2563	Olives	Oilseeds	1750000	13000	175000	6 - OIL-BEARING CROPS AND DERIVED PRODUCTS	6
261	"Olive oil, virgin"	2		0	1	2580	Olive Oil	Oil	8840000	0	1000000	14 - VEGETABLE AND ANIMAL OILS AND FATS	14
262	Olives Preserved	2		0	1	2563	Olives	Oilseeds	1090000	11000	111000	6 - OIL-BEARING CROPS AND DERIVED PRODUCTS	6
263	Karite Nuts (Sheanuts)	1	1	1	1	2570	"Oilcrops, Other"	Oilseeds	5790000	68000	490000	6 - OIL-BEARING CROPS AND DERIVED PRODUCTS	6
264	Butter of Karite Nuts	2		0	1	2586	"Oilcrops Oil, Other"	Oil	7110000	0	850000	14 - VEGETABLE AND ANIMAL OILS AND FATS	14
265	Castor oil seed	4	0	0	0	2570	"Oilcrops, Other"	Oilseeds	#N/A	#N/A	#N/A	6 - OIL-BEARING CROPS AND DERIVED PRODUCTS	6
266	Oil of Castor Beans	2		0	1	2586	"Oilcrops Oil, Other"	Oil	8840000	0	1000000	14 - VEGETABLE AND ANIMAL OILS AND FATS	14
267	Sunflower seed	1	1	1	1	2557	Sunflowerseed	Oilseeds	3080000	123000	268000	6 - OIL-BEARING CROPS AND DERIVED PRODUCTS	6
268	Sunflower oil	2		0	1	2573	Sunflowerseed Oil	Oil	8840000	0	1000000	14 - VEGETABLE AND ANIMAL OILS AND FATS	14
269	Sunflower Cake	3		0	0	2592	Sunflowerseed Cake	Other	#N/A	#N/A	#N/A	11 - FODDER CROPS AND PRODUCTS	11
270	Rapeseed	1	1	1	1	2558	Rape and Mustardseed	Oilseeds	4940000	196000	450000	6 - OIL-BEARING CROPS AND DERIVED PRODUCTS	6
271	Rapeseed oil	2		0	1	2574	Rape and Mustard Oil	Oil	8840000	0	1000000	14 - VEGETABLE AND ANIMAL OILS AND FATS	14
272	Cake of Rapeseed	3		0	0	2593	Rape and Mustard Cake	Other	#N/A	#N/A	#N/A	11 - FODDER CROPS AND PRODUCTS	11
273	Olive Residues	3		0	0		#N/A	#N/A	#N/A	#N/A	#N/A	11 - FODDER CROPS AND PRODUCTS	11
274	Oil of Olive Residues	2		0	1	2580	Olive Oil	Oil	8840000	0	1000000	14 - VEGETABLE AND ANIMAL OILS AND FATS	14
275	Tung Nuts	1	0	0	0	2570	"Oilcrops, Other"	Oilseeds	#N/A	#N/A	#N/A	6 - OIL-BEARING CROPS AND DERIVED PRODUCTS	6
276	Oil of Tung Nuts	2		0	1	2586	"Oilcrops Oil, Other"	Oil	8840000	0	1000000	14 - VEGETABLE AND ANIMAL OILS AND FATS	14
278	Oil of Jojoba	2		0	0	2586	"Oilcrops Oil, Other"	Oil	#N/A	#N/A	#N/A	14 - VEGETABLE AND ANIMAL OILS AND FATS	14
280	Safflower seed	1	1	1	1	2570	"Oilcrops, Other"	Oilseeds	3140000	97000	303000	6 - OIL-BEARING CROPS AND DERIVED PRODUCTS	6
281	Safflower oil	2		0	1	2586	"Oilcrops Oil, Other"	Oil	8840000	0	1000000	14 - VEGETABLE AND ANIMAL OILS AND FATS	14
282	Cake Safflower	3		0	0	2598	"Oilseed Cakes, Other"	Other	#N/A	#N/A	#N/A	11 - FODDER CROPS AND PRODUCTS	11
289	Sesame seed	1	1	1	1	2561	Sesameseed	Oilseeds	5730000	177000	497000	6 - OIL-BEARING CROPS AND DERIVED PRODUCTS	6
290	Sesame oil	2		0	1	2579	Sesameseed Oil	Oil	8840000	0	1000000	14 - VEGETABLE AND ANIMAL OILS AND FATS	14
291	Cake of Sesame Seed	3		0	1	2597	Sesameseed Cake	Other	3760000	407000	34000	11 - FODDER CROPS AND PRODUCTS	11
292	Mustard seed	1	1	1	1	2558	Rape and Mustardseed	Oilseeds	4690000	249000	288000	6 - OIL-BEARING CROPS AND DERIVED PRODUCTS	6
293	Mustard oil	2		0	1	2574	Rape and Mustard Oil	Oil	8840000	0	1000000	14 - VEGETABLE AND ANIMAL OILS AND FATS	14
294	Cake of Mustard	3		0	0	2593	Rape and Mustard Cake	Other	#N/A	#N/A	#N/A	11 - FODDER CROPS AND PRODUCTS	11
295	Flour of Mustard	2		0	1		#N/A	#N/A	4690000	264000	363000	6 - OIL-BEARING CROPS AND DERIVED PRODUCTS	6
296	Poppy seed	1	1	1	1	2570	"Oilcrops, Other"	Oilseeds	5330000	180000	447000	6 - OIL-BEARING CROPS AND DERIVED PRODUCTS	6
297	Poppy Oil	2		0	1	2586	"Oilcrops Oil, Other"	Oil	8840000	0	1000000	14 - VEGETABLE AND ANIMAL OILS AND FATS	14
299	Melonseed	1	1	1	1	2570	"Oilcrops, Other"	Oilseeds	4000000	182000	339000	6 - OIL-BEARING CROPS AND DERIVED PRODUCTS	6
306	Vegetable Tallow	2		0	1	2586	"Oilcrops Oil, Other"	Oil	8840000	0	1000000	14 - VEGETABLE AND ANIMAL OILS AND FATS	14
311	Kapokseed in Shell	1	1	0	0	2570	"Oilcrops, Other"	Oilseeds	#N/A	#N/A	#N/A	6 - OIL-BEARING CROPS AND DERIVED PRODUCTS	6
312	Kapokseed Shelled	2		0	0	2570	"Oilcrops, Other"	Oilseeds	#N/A	#N/A	#N/A	6 - OIL-BEARING CROPS AND DERIVED PRODUCTS	6
313	Oil of Kapok	2		0	1	2586	"Oilcrops Oil, Other"	Oil	8840000	0	1000000	14 - VEGETABLE AND ANIMAL OILS AND FATS	14
314	Cake of Kapok	3		0	0	2598	"Oilseed Cakes, Other"	Other	#N/A	#N/A	#N/A	11 - FODDER CROPS AND PRODUCTS	11
329	Cottonseed	1	1	1	1	2559	Cottonseed	Oilseeds	2530000	173000	179000	6 - OIL-BEARING CROPS AND DERIVED PRODUCTS	6
331	Cottonseed oil	2		0	1	2575	Cottonseed Oil	Oil	8840000	0	1000000	14 - VEGETABLE AND ANIMAL OILS AND FATS	14
332	Cake of Cottonseed	3		0	0	2594	Cottonseed Cake	Other	#N/A	#N/A	#N/A	11 - FODDER CROPS AND PRODUCTS	11
333	Linseed	1	0	1	1	2570	"Oilcrops, Other"	Oilseeds	4980000	180000	340000	6 - OIL-BEARING CROPS AND DERIVED PRODUCTS	6
334	Linseed oil	2		0	1	2586	"Oilcrops Oil, Other"	Oil	8840000	0	1000000	14 - VEGETABLE AND ANIMAL OILS AND FATS	14
335	Cake of Linseed	3		0	0	2598	"Oilseed Cakes, Other"	Other	#N/A	#N/A	#N/A	11 - FODDER CROPS AND PRODUCTS	11
336	Hempseed	1	1	0	0	2570	"Oilcrops, Other"	Oilseeds	#N/A	#N/A	#N/A	6 - OIL-BEARING CROPS AND DERIVED PRODUCTS	6
338	Cake of Hempseed	3		0	0	2598	"Oilseed Cakes, Other"	Other	#N/A	#N/A	#N/A	11 - FODDER CROPS AND PRODUCTS	11
339	"Oilseeds, Nes"	1	1	1	1	2570	"Oilcrops, Other"	Oilseeds	3870000	147000	317000	6 - OIL-BEARING CROPS AND DERIVED PRODUCTS	6
340	"Oil of vegetable origin, nes"	2		0	1	2586	"Oilcrops Oil, Other"	Oil	8840000	0	1000000	14 - VEGETABLE AND ANIMAL OILS AND FATS	14
341	"Cake of Oilseeds, Nes"	3		0	0	2598	"Oilseed Cakes, Other"	Other	#N/A	#N/A	#N/A	11 - FODDER CROPS AND PRODUCTS	11
343	Flour of Oilseeds	2		0	1	2570	"Oilcrops, Other"	Oilseeds	3930000	372000	156000	6 - OIL-BEARING CROPS AND DERIVED PRODUCTS	6
358	Cabbages and other brassicas	1	1	1	1	2605	"Vegetables, Other"	Fruits&Vegs	190000	10000	1000	7 - VEGETABLES AND DERIVED PRODUCTS	7
366	Artichokes	1	1	1	1	2605	"Vegetables, Other"	Fruits&Vegs	200000	11000	1000	7 - VEGETABLES AND DERIVED PRODUCTS	7
367	Asparagus	1	1	1	1	2605	"Vegetables, Other"	Fruits&Vegs	120000	16000	1000	7 - VEGETABLES AND DERIVED PRODUCTS	7
372	Lettuce and chicory	1	1	1	1	2605	"Vegetables, Other"	Fruits&Vegs	120000	11000	2000	7 - VEGETABLES AND DERIVED PRODUCTS	7
373	Spinach	1	1	1	1	2605	"Vegetables, Other"	Fruits&Vegs	160000	21000	3000	7 - VEGETABLES AND DERIVED PRODUCTS	7
388	Tomatoes	1	1	1	1	2601	Tomatoes	Fruits&Vegs	170000	8000	2000	7 - VEGETABLES AND DERIVED PRODUCTS	7
389	Tomatojuice Concentrated	2		0	1	2601	Tomatoes	Fruits&Vegs	760000	34000	4000	7 - VEGETABLES AND DERIVED PRODUCTS	7
390	Juice of Tomatoes	2		0	1	2601	Tomatoes	Fruits&Vegs	170000	8000	1000	7 - VEGETABLES AND DERIVED PRODUCTS	7
391	Paste of Tomatoes	2		0	1	2601	Tomatoes	Fruits&Vegs	840000	38000	9000	7 - VEGETABLES AND DERIVED PRODUCTS	7
392	Tomato Peeled	2		0	1	2601	Tomatoes	Fruits&Vegs	190000	9000	2000	7 - VEGETABLES AND DERIVED PRODUCTS	7
393	Cauliflowers and broccoli	1	1	1	1	2605	"Vegetables, Other"	Fruits&Vegs	90000	8000	1000	7 - VEGETABLES AND DERIVED PRODUCTS	7
394	"Pumpkins, squash and gourds"	1	1	1	1	2605	"Vegetables, Other"	Fruits&Vegs	190000	9000	1000	7 - VEGETABLES AND DERIVED PRODUCTS	7
397	Cucumbers and gherkins	1	1	1	1	2605	"Vegetables, Other"	Fruits&Vegs	130000	5000	1000	7 - VEGETABLES AND DERIVED PRODUCTS	7
399	Eggplants (aubergines)	1	1	1	1	2605	"Vegetables, Other"	Fruits&Vegs	210000	9000	1000	7 - VEGETABLES AND DERIVED PRODUCTS	7
401	"Chillies and peppers, green"	1	1	1	1	2605	"Vegetables, Other"	Fruits&Vegs	250000	11000	3000	7 - VEGETABLES AND DERIVED PRODUCTS	7
402	"Onions (inc. shallots), green"	1	1	1	1	2605	"Vegetables, Other"	Fruits&Vegs	240000	17000	1000	7 - VEGETABLES AND DERIVED PRODUCTS	7
403	"Onions, dry"	1	1	1	1	2602	Onions	Fruits&Vegs	310000	11000	2000	7 - VEGETABLES AND DERIVED PRODUCTS	7
406	Garlic	1	1	1	1	2605	"Vegetables, Other"	Fruits&Vegs	1300000	55000	4000	7 - VEGETABLES AND DERIVED PRODUCTS	7
407	"Leeks, other alliaceous veg"	1	1	1	1	2605	"Vegetables, Other"	Fruits&Vegs	370000	7000	1000	7 - VEGETABLES AND DERIVED PRODUCTS	7
414	"Beans, green"	1	1	1	1	2605	"Vegetables, Other"	Fruits&Vegs	500000	30000	4000	7 - VEGETABLES AND DERIVED PRODUCTS	7
417	"Peas, green"	1	1	1	1	2605	"Vegetables, Other"	Fruits&Vegs	310000	21000	2000	7 - VEGETABLES AND DERIVED PRODUCTS	7
420	"Leguminous vegetables, nes"	1	1	0	0	2605	"Vegetables, Other"	Fruits&Vegs	#N/A	#N/A	#N/A	7 - VEGETABLES AND DERIVED PRODUCTS	7
423	String beans	1	1	1	1	2605	"Vegetables, Other"	Fruits&Vegs	270000	16000	1000	7 - VEGETABLES AND DERIVED PRODUCTS	7
426	Carrots and turnips	1	1	1	1	2605	"Vegetables, Other"	Fruits&Vegs	380000	9000	2000	7 - VEGETABLES AND DERIVED PRODUCTS	7
430	Okra	1	1	1	1	2605	"Vegetables, Other"	Fruits&Vegs	310000	16000	3000	7 - VEGETABLES AND DERIVED PRODUCTS	7
446	"Maize, green"	1	1	1	1	2605	"Vegetables, Other"	Fruits&Vegs	560000	21000	8000	7 - VEGETABLES AND DERIVED PRODUCTS	7
447	Sweet Corn Frozen	2		0	1	2605	"Vegetables, Other"	Fruits&Vegs	540000	18000	4000	7 - VEGETABLES AND DERIVED PRODUCTS	7
448	Sweet Corn Prep or Preserved	2		0	1	2605	"Vegetables, Other"	Fruits&Vegs	770000	23000	6000	7 - VEGETABLES AND DERIVED PRODUCTS	7
449	Mushrooms and truffles	1	1	1	1	2605	"Vegetables, Other"	Fruits&Vegs	240000	20000	4000	7 - VEGETABLES AND DERIVED PRODUCTS	7
450	Dried Mushrooms	2		0	1	2605	"Vegetables, Other"	Fruits&Vegs	2960000	96000	10000	7 - VEGETABLES AND DERIVED PRODUCTS	7
451	Canned Mushrooms	2		0	1	2605	"Vegetables, Other"	Fruits&Vegs	240000	19000	3000	7 - VEGETABLES AND DERIVED PRODUCTS	7
459	Chicory roots	1	1	1	1	2605	"Vegetables, Other"	Fruits&Vegs	600000	11000	2000	13 - TOBACCO AND RUBBER AND OTHER CROPS	13
460	Veg.Prod.Fresh Or Dried	2		0	1		#N/A	#N/A	990000	63000	9000	13 - TOBACCO AND RUBBER AND OTHER CROPS	13
461	Carobs	1	1	1	1	2605	"Vegetables, Other"	Fruits&Vegs	1110000	16000	5000	13 - TOBACCO AND RUBBER AND OTHER CROPS	13
463	Vegetables fresh nes	1	1	1	1	2605	"Vegetables, Other"	Fruits&Vegs	220000	14000	2000	7 - VEGETABLES AND DERIVED PRODUCTS	7
464	"Vegetables, dried nes"	2		0	1	2605	"Vegetables, Other"	Fruits&Vegs	1760000	112000	16000	7 - VEGETABLES AND DERIVED PRODUCTS	7
465	"Vegetables, canned nes"	2		0	1	2605	"Vegetables, Other"	Fruits&Vegs	360000	14000	3000	7 - VEGETABLES AND DERIVED PRODUCTS	7
466	Juice of Vegetables Nes	2		0	1	2605	"Vegetables, Other"	Fruits&Vegs	190000	6000	1000	7 - VEGETABLES AND DERIVED PRODUCTS	7
469	Vegetables Dehydrated	2		0	1	2605	"Vegetables, Other"	Fruits&Vegs	3410000	66000	13000	7 - VEGETABLES AND DERIVED PRODUCTS	7
471	Vegetables in Vinegar	2		0	1	2605	"Vegetables, Other"	Fruits&Vegs	290000	14000	13000	7 - VEGETABLES AND DERIVED PRODUCTS	7
472	Vegetables Preserved Nes	2		0	0	2605	"Vegetables, Other"	Fruits&Vegs	#N/A	#N/A	#N/A	7 - VEGETABLES AND DERIVED PRODUCTS	7
473	Vegetable Frozen	2		0	1	2605	"Vegetables, Other"	Fruits&Vegs	710000	33000	5000	7 - VEGETABLES AND DERIVED PRODUCTS	7
474	Veg.in Tem. Preservatives	2		0	1	2605	"Vegetables, Other"	Fruits&Vegs	650000	33000	3000	7 - VEGETABLES AND DERIVED PRODUCTS	7
475	Veg.Prep. Or Pres.Frozen	2		0	1	2605	"Vegetables, Other"	Fruits&Vegs	540000	24000	4000	7 - VEGETABLES AND DERIVED PRODUCTS	7
476	Homogen.Veget.Prep	2		0	1	2605	"Vegetables, Other"	Fruits&Vegs	410000	12000	5000	7 - VEGETABLES AND DERIVED PRODUCTS	7
486	Bananas	1	1	1	1	2615	Bananas	Fruits&Vegs	600000	7000	3000	8 - FRUITS AND DERIVED PRODUCTS	8
489	Plantains	1	1	1	1	2616	Plantains	Fruits&Vegs	750000	8000	3000	8 - FRUITS AND DERIVED PRODUCTS	8
490	Oranges	1	1	1	1	2611	"Oranges, Mandarines"	Fruits&Vegs	340000	7000	1000	8 - FRUITS AND DERIVED PRODUCTS	8
491	"Orange juice, single strength"	2		0	1	2611	"Oranges, Mandarines"	Fruits&Vegs	420000	6000	1000	8 - FRUITS AND DERIVED PRODUCTS	8
492	"Orange juice, concentrated"	2		0	1	2611	"Oranges, Mandarines"	Fruits&Vegs	1590000	24000	2000	8 - FRUITS AND DERIVED PRODUCTS	8
495	"Tangerines, mandarins, clem."	1	1	1	1	2611	"Oranges, Mandarines"	Fruits&Vegs	320000	5000	1000	8 - FRUITS AND DERIVED PRODUCTS	8
496	Tangerine Juice	2		0	1	2611	"Oranges, Mandarines"	Fruits&Vegs	430000	5000	2000	8 - FRUITS AND DERIVED PRODUCTS	8
497	Lemons and limes	1	1	1	1	2612	"Lemons, Limes"	Fruits&Vegs	150000	6000	2000	8 - FRUITS AND DERIVED PRODUCTS	8
498	"Lemon juice, single strength"	2		0	1	2612	"Lemons, Limes"	Fruits&Vegs	220000	5000	3000	8 - FRUITS AND DERIVED PRODUCTS	8
499	"Lemon juice, concentrated"	2		0	1	2612	"Lemons, Limes"	Fruits&Vegs	1160000	23000	9000	8 - FRUITS AND DERIVED PRODUCTS	8
507	Grapefruit (inc. pomelos)	1	1	1	1	2613	Grapefruit	Fruits&Vegs	160000	3000	1000	8 - FRUITS AND DERIVED PRODUCTS	8
509	Juice of Grapefruit	2		0	1	2613	Grapefruit	Fruits&Vegs	390000	5000	1000	8 - FRUITS AND DERIVED PRODUCTS	8
510	"Grapefruit juice, concentrated"	2		0	1	2613	Grapefruit	Fruits&Vegs	1460000	20000	5000	8 - FRUITS AND DERIVED PRODUCTS	8
512	"Citrus fruit, nes"	1	1	1	1	2614	"Citrus, Other"	Fruits&Vegs	260000	5000	2000	8 - FRUITS AND DERIVED PRODUCTS	8
513	"Citrus juice, single strength"	2		0	1	2614	"Citrus, Other"	Fruits&Vegs	470000	6000	2000	8 - FRUITS AND DERIVED PRODUCTS	8
514	"Citrus juice, concentrated"	2		0	1	2614	"Citrus, Other"	Fruits&Vegs	1570000	21000	5000	8 - FRUITS AND DERIVED PRODUCTS	8
515	Apples	1	1	1	1	2617	Apples	Fruits&Vegs	480000	1000	3000	8 - FRUITS AND DERIVED PRODUCTS	8
517	Cider Etc	2		0	1	2657	"Beverages, Fermented"	Beverages	470000	1000	0	15 - BEVERAGES	15
518	"Apple juice, single strength"	2		0	1	2617	Apples	Fruits&Vegs	470000	1000	1000	8 - FRUITS AND DERIVED PRODUCTS	8
519	"Apple juice, concentrated"	2		0	1	2617	Apples	Fruits&Vegs	1660000	5000	4000	8 - FRUITS AND DERIVED PRODUCTS	8
521	Pears	1	1	1	1	2625	"Fruits, Other"	Fruits&Vegs	540000	4000	4000	8 - FRUITS AND DERIVED PRODUCTS	8
523	Quinces	1	1	1	1	2625	"Fruits, Other"	Fruits&Vegs	350000	2000	1000	8 - FRUITS AND DERIVED PRODUCTS	8
526	Apricots	1	1	1	1	2625	"Fruits, Other"	Fruits&Vegs	450000	13000	4000	8 - FRUITS AND DERIVED PRODUCTS	8
527	Dry Apricots	2		0	1	2625	"Fruits, Other"	Fruits&Vegs	2380000	37000	5000	8 - FRUITS AND DERIVED PRODUCTS	8
530	Sour cherries	1	1	1	1	2625	"Fruits, Other"	Fruits&Vegs	450000	9000	3000	8 - FRUITS AND DERIVED PRODUCTS	8
531	Cherries	1	1	1	1	2625	"Fruits, Other"	Fruits&Vegs	650000	11000	9000	8 - FRUITS AND DERIVED PRODUCTS	8
534	Peaches and nectarines	1	1	1	1	2625	"Fruits, Other"	Fruits&Vegs	330000	5000	1000	8 - FRUITS AND DERIVED PRODUCTS	8
536	Plums and sloes	1	1	1	1	2625	"Fruits, Other"	Fruits&Vegs	520000	7000	6000	8 - FRUITS AND DERIVED PRODUCTS	8
537	Plums Dried (Prunes)	2		0	1	2625	"Fruits, Other"	Fruits&Vegs	2080000	23000	5000	8 - FRUITS AND DERIVED PRODUCTS	8
538	"Plum juice, single strength"	2		0	1	2625	"Fruits, Other"	Fruits&Vegs	710000	6000	0	8 - FRUITS AND DERIVED PRODUCTS	8
539	"Plum juice, concentrated"	2		0	1	2625	"Fruits, Other"	Fruits&Vegs	2150000	20000	1000	8 - FRUITS AND DERIVED PRODUCTS	8
541	"Stone fruit, nes"	1	1	1	1	2625	"Fruits, Other"	Fruits&Vegs	520000	9000	3000	8 - FRUITS AND DERIVED PRODUCTS	8
544	Strawberries	1	1	1	1	2625	"Fruits, Other"	Fruits&Vegs	280000	6000	4000	8 - FRUITS AND DERIVED PRODUCTS	8
547	Raspberries	1	1	1	1	2625	"Fruits, Other"	Fruits&Vegs	470000	9000	5000	8 - FRUITS AND DERIVED PRODUCTS	8
549	Gooseberries	1	1	1	1	2625	"Fruits, Other"	Fruits&Vegs	440000	9000	6000	8 - FRUITS AND DERIVED PRODUCTS	8
550	Currants	1	1	1	1	2625	"Fruits, Other"	Fruits&Vegs	590000	14000	3000	8 - FRUITS AND DERIVED PRODUCTS	8
552	Blueberries	1	1	1	1	2625	"Fruits, Other"	Fruits&Vegs	550000	7000	4000	8 - FRUITS AND DERIVED PRODUCTS	8
554	Cranberries	1	1	1	1	2625	"Fruits, Other"	Fruits&Vegs	470000	4000	2000	8 - FRUITS AND DERIVED PRODUCTS	8
558	Berries Nes	1	1	1	1	2625	"Fruits, Other"	Fruits&Vegs	490000	10000	7000	8 - FRUITS AND DERIVED PRODUCTS	8
560	Grapes	1	1	1	1	2620	Grapes	Fruits&Vegs	530000	5000	4000	8 - FRUITS AND DERIVED PRODUCTS	8
561	Raisins	2		0	1	2620	Grapes	Fruits&Vegs	2990000	32000	5000	8 - FRUITS AND DERIVED PRODUCTS	8
562	Grape Juice	2		0	1	2620	Grapes	Fruits&Vegs	610000	6000	1000	8 - FRUITS AND DERIVED PRODUCTS	8
563	Must of Grapes	2		0	1	2620	Grapes	Fruits&Vegs	610000	6000	1000	15 - BEVERAGES	15
564	Wine	2		0	1	2655	Wine	Beverages	680000	0	0	15 - BEVERAGES	15
565	Vermouths&Similar	2		0	1	2655	Wine	Beverages	1370000	1000	0	15 - BEVERAGES	15
566	Marc of Grapes	3		0	1		#N/A	#N/A	610000	6000	1000	11 - FODDER CROPS AND PRODUCTS	11
567	Watermelons	1	1	1	1	2625	"Fruits, Other"	Fruits&Vegs	170000	3000	2000	7 - VEGETABLES AND DERIVED PRODUCTS	7
568	Other melons (inc.cantaloupes)	1	1	1	1	2625	"Fruits, Other"	Fruits&Vegs	170000	4000	1000	7 - VEGETABLES AND DERIVED PRODUCTS	7
569	Figs	1	1	1	1	2625	"Fruits, Other"	Fruits&Vegs	730000	8000	3000	8 - FRUITS AND DERIVED PRODUCTS	8
570	Figs Dried	2		0	1	2625	"Fruits, Other"	Fruits&Vegs	2530000	30000	12000	8 - FRUITS AND DERIVED PRODUCTS	8
571	"Mangoes, mangosteens, guavas"	1	1	1	1	2625	"Fruits, Other"	Fruits&Vegs	450000	4000	2000	8 - FRUITS AND DERIVED PRODUCTS	8
572	Avocados	1	1	1	1	2625	"Fruits, Other"	Fruits&Vegs	1190000	15000	113000	8 - FRUITS AND DERIVED PRODUCTS	8
574	Pineapples	1	1	1	1	2618	Pineapples	Fruits&Vegs	260000	2000	2000	8 - FRUITS AND DERIVED PRODUCTS	8
575	Pineapples Cand	2		0	1	2618	Pineapples	Fruits&Vegs	780000	4000	1000	8 - FRUITS AND DERIVED PRODUCTS	8
576	Juice of Pineapples	2		0	1	2618	Pineapples	Fruits&Vegs	560000	3000	1000	8 - FRUITS AND DERIVED PRODUCTS	8
577	Dates	1	1	1	1	2619	Dates	Fruits&Vegs	1560000	15000	4000	8 - FRUITS AND DERIVED PRODUCTS	8
580	Pineapple Juice Conc	2		0	1	2618	Pineapples	Fruits&Vegs	1790000	13000	1000	8 - FRUITS AND DERIVED PRODUCTS	8
583	Mango Juice	2		0	1	2625	Pineapples	Fruits&Vegs	620000	3000	4000	8 - FRUITS AND DERIVED PRODUCTS	8
584	Mango Pulp	2		0	1		"Fruits, Other"	#N/A	650000	5000	3000	8 - FRUITS AND DERIVED PRODUCTS	8
587	Persimmons	1	1	1	1	2625	"Fruits, Other"	Fruits&Vegs	820000	6000	3000	8 - FRUITS AND DERIVED PRODUCTS	8
591	Cashewapple	1	1	1	1	2625	"Fruits, Other"	Fruits&Vegs	430000	8000	6000	8 - FRUITS AND DERIVED PRODUCTS	8
592	Kiwi fruit	1	1	1	1	2625	"Fruits, Other"	Fruits&Vegs	520000	9000	4000	8 - FRUITS AND DERIVED PRODUCTS	8
600	Papayas	1	1	1	1	2625	"Fruits, Other"	Fruits&Vegs	260000	4000	1000	8 - FRUITS AND DERIVED PRODUCTS	8
603	"Fruit, tropical fresh nes"	1	1	1	1	2625	"Fruits, Other"	Fruits&Vegs	410000	5000	7000	8 - FRUITS AND DERIVED PRODUCTS	8
604	Fruit Tropical Dried Nes	2		0	1	2625	"Fruits, Other"	Fruits&Vegs	2670000	28000	6000	8 - FRUITS AND DERIVED PRODUCTS	8
619	Fruit Fresh Nes	1	1	1	1	2625	"Fruits, Other"	Fruits&Vegs	450000	5000	5000	8 - FRUITS AND DERIVED PRODUCTS	8
620	Fruit Dried Nes	2		0	1	2625	"Fruits, Other"	Fruits&Vegs	2670000	28000	6000	8 - FRUITS AND DERIVED PRODUCTS	8
622	Fruit Juice Nes	2		0	1	2625	"Fruits, Other"	Fruits&Vegs	480000	5000	1000	8 - FRUITS AND DERIVED PRODUCTS	8
623	Fruit Prp Nes	2		0	1	2625	"Fruits, Other"	Fruits&Vegs	360000	5000	2000	8 - FRUITS AND DERIVED PRODUCTS	8
624	Flour of Fruits	2		0	1	2625	"Fruits, Other"	Fruits&Vegs	3460000	39000	18000	8 - FRUITS AND DERIVED PRODUCTS	8
625	"Fruit,Nut,Peel, Sugar Prs"	2		0	1	2625	"Fruits, Other"	Fruits&Vegs	2120000	6000	0	8 - FRUITS AND DERIVED PRODUCTS	8
626	Homogen. Cooked Fruit Prp	2		0	1	2625	"Fruits, Other"	Fruits&Vegs	590000	3000	0	8 - FRUITS AND DERIVED PRODUCTS	8
628	Pulp of Fruit for Feed	3		0	0		#N/A	#N/A	#N/A	#N/A	#N/A	11 - FODDER CROPS AND PRODUCTS	11
630	Cane Tops	3		0	0		#N/A	#N/A	#N/A	#N/A	#N/A	11 - FODDER CROPS AND PRODUCTS	11
631	"Waters,Ice Etc"	2		0	0		#N/A	#N/A	#N/A	#N/A	#N/A	15 - BEVERAGES	15
633	Beverage Non-Alc	2		0	1	2543	"Sweeteners, Other"	Sugar	390000	0	0	15 - BEVERAGES	15
634	Bever. Dist.Alc	2		0	1	2658	"Beverages, Alcoholic"	Beverages	2950000	0	0	15 - BEVERAGES	15
635	Straw Husks	3		0	0		#N/A	#N/A	#N/A	#N/A	#N/A	11 - FODDER CROPS AND PRODUCTS	11
636	Maize for forage and silage	3		0	0		#N/A	#N/A	#N/A	#N/A	#N/A	11 - FODDER CROPS AND PRODUCTS	11
639	Grasses Nes for forage;Sil	3		0	0		#N/A	#N/A	#N/A	#N/A	#N/A	11 - FODDER CROPS AND PRODUCTS	11
640	Clover for forage and silage	3		0	0		#N/A	#N/A	#N/A	#N/A	#N/A	11 - FODDER CROPS AND PRODUCTS	11
641	Alfalfa for forage and silage	3		0	0		#N/A	#N/A	#N/A	#N/A	#N/A	11 - FODDER CROPS AND PRODUCTS	11
643	Leguminous for Silage	3		0	0		#N/A	#N/A	#N/A	#N/A	#N/A	11 - FODDER CROPS AND PRODUCTS	11
646	Turnips for Fodder	3		0	0		#N/A	#N/A	#N/A	#N/A	#N/A	11 - FODDER CROPS AND PRODUCTS	11
647	Beets for Fodder	3		0	0		#N/A	#N/A	#N/A	#N/A	#N/A	11 - FODDER CROPS AND PRODUCTS	11
649	Swedes for Fodder	3		0	0		#N/A	#N/A	#N/A	#N/A	#N/A	11 - FODDER CROPS AND PRODUCTS	11
651	forage Products	3		0	0		#N/A	#N/A	#N/A	#N/A	#N/A	11 - FODDER CROPS AND PRODUCTS	11
652	Veg Prod for Feed	3		0	0		#N/A	#N/A	#N/A	#N/A	#N/A	11 - FODDER CROPS AND PRODUCTS	11
653	Food Wastes	3		0	0		#N/A	#N/A	#N/A	#N/A	#N/A	11 - FODDER CROPS AND PRODUCTS	11
654	Dregs From Brewing;Dist.	2		0	0		#N/A	#N/A	#N/A	#N/A	#N/A	11 - FODDER CROPS AND PRODUCTS	11
655	Vegetables Roots Fodder	3		0	0		#N/A	#N/A	#N/A	#N/A	#N/A	11 - FODDER CROPS AND PRODUCTS	11
656	"Coffee, green"	1	2	1	1	2630	Coffee	Other	470000	67000	0	12 - STIMULANT CROPS AND DERIVED PRODUCTS	12
657	Coffee Roasted	2		0	1	2630	Coffee	Other	560000	80000	0	12 - STIMULANT CROPS AND DERIVED PRODUCTS	12
658	Coffee Subst. Cont.Coffee	2		0	1	2605	"Vegetables, Other"	Fruits&Vegs	560000	80000	0	12 - STIMULANT CROPS AND DERIVED PRODUCTS	12
659	Coffee Extracts	2		0	1	2630	Coffee	Other	1290000	40000	0	12 - STIMULANT CROPS AND DERIVED PRODUCTS	12
660	Coffee Husks and Skins	2		0	0		#N/A	#N/A	#N/A	#N/A	#N/A	12 - STIMULANT CROPS AND DERIVED PRODUCTS	12
661	Cocoa beans	1	1	0	0	2633	Cocoa Beans	Other	4140000	40000	400000	12 - STIMULANT CROPS AND DERIVED PRODUCTS	12
662	Cocoa Paste	2		0	0	2633	Cocoa Beans	Other	4720000	17000	440000	12 - STIMULANT CROPS AND DERIVED PRODUCTS	12
663	Cocoahusks;Shell	2		0	0		#N/A	#N/A	#N/A	#N/A	#N/A	12 - STIMULANT CROPS AND DERIVED PRODUCTS	12
664	Cocoa Butter	2		0	1	2586	"Oilcrops Oil, Other"	Oil	7110000	0	850000	12 - STIMULANT CROPS AND DERIVED PRODUCTS	12
665	Cocoapowder&Cake	2		0	1	2633	Cocoa Beans	Other	2610000	173000	190000	12 - STIMULANT CROPS AND DERIVED PRODUCTS	12
666	Chocolate Prsnes	2		0	1	2633	Cocoa Beans	Other	3930000	42000	357000	12 - STIMULANT CROPS AND DERIVED PRODUCTS	12
667	Tea	1	2	1	1	2635	Tea	Other	400000	100000	0	12 - STIMULANT CROPS AND DERIVED PRODUCTS	12
671	MATE	1	2	1	1	2635	Tea	Other	400000	100000	0	12 - STIMULANT CROPS AND DERIVED PRODUCTS	12
672	"Extracts Tea, Mate, Prep"	2		0	1	2635	Tea	Other	180000	45000	0	12 - STIMULANT CROPS AND DERIVED PRODUCTS	12
677	Hops	1	0	0	0		#N/A	#N/A	#N/A	#N/A	#N/A	13 - TOBACCO AND RUBBER AND OTHER CROPS	13
687	Pepper (Piper spp.)	1	1	1	1	2640	Pepper	Other	2760000	107000	27000	10 - SPICES	10
689	"Chillies and peppers, dry"	1	1	0	0	2641	Pimento	Other	3180000	120000	173000	10 - SPICES	10
692	Vanilla	1	1	0	0	2645	"Spices, Other"	Other	#N/A	#N/A	#N/A	10 - SPICES	10
693	Cinnamon (canella)	1	1	1	1	2645	"Spices, Other"	Other	2610000	39000	32000	10 - SPICES	10
698	Cloves	1	1	1	1	2642	Cloves	Other	3230000	60000	201000	10 - SPICES	10
702	"Nutmeg, mace and cardamoms"	1	1	0	1	2645	"Spices, Other"	Other	5250000	58000	363000	10 - SPICES	10
711	"Anise, badian, fennel, corian."	1	1	1	1	2645	"Spices, Other"	Other	3450000	158000	149000	10 - SPICES	10
720	Ginger	1	1	1	1	2645	"Spices, Other"	Other	3470000	91000	60000	10 - SPICES	10
723	"Spices, nes"	1	1	1	1	2645	"Spices, Other"	Other	3370000	113000	155000	10 - SPICES	10
737	Oil Citronella	2		0	0		#N/A	#N/A	#N/A	#N/A	#N/A	13 - TOBACCO AND RUBBER AND OTHER CROPS	13
748	Peppermint	1	1	0	0		#N/A	#N/A	#N/A	#N/A	#N/A	13 - TOBACCO AND RUBBER AND OTHER CROPS	13
753	Oil Essential Nes	2		0	0		#N/A	#N/A	#N/A	#N/A	#N/A	13 - TOBACCO AND RUBBER AND OTHER CROPS	13
754	"Pyrethrum,Dried"	4	0	0	0		#N/A	#N/A	#N/A	#N/A	#N/A	13 - TOBACCO AND RUBBER AND OTHER CROPS	13
755	Pyrethrum Extr	2		0	0		#N/A	#N/A	#N/A	#N/A	#N/A	13 - TOBACCO AND RUBBER AND OTHER CROPS	13
767	Cotton lint	1	0	0	0		#N/A	#N/A	#N/A	#N/A	#N/A	9 - FIBRES OF VEGETAL AND ANIMAL ORIGIN	9
768	"Cotton Carded,Combed"	2		0	0		#N/A	#N/A	#N/A	#N/A	#N/A	9 - FIBRES OF VEGETAL AND ANIMAL ORIGIN	9
769	Cotton Waste	2		0	0		#N/A	#N/A	#N/A	#N/A	#N/A	9 - FIBRES OF VEGETAL AND ANIMAL ORIGIN	9
770	Cotton Linter	2		0	0		#N/A	#N/A	#N/A	#N/A	#N/A	9 - FIBRES OF VEGETAL AND ANIMAL ORIGIN	9
771	Flax Fibre Raw	1		0	0		#N/A	#N/A	#N/A	#N/A	#N/A	9 - FIBRES OF VEGETAL AND ANIMAL ORIGIN	9
773	Flax fibre and tow	4	0	0	0		#N/A	#N/A	#N/A	#N/A	#N/A	9 - FIBRES OF VEGETAL AND ANIMAL ORIGIN	9
774	Flax Tow Waste	2		0	0		#N/A	#N/A	#N/A	#N/A	#N/A	9 - FIBRES OF VEGETAL AND ANIMAL ORIGIN	9
777	Hemp Tow Waste	4	0	0	0		#N/A	#N/A	#N/A	#N/A	#N/A	9 - FIBRES OF VEGETAL AND ANIMAL ORIGIN	9
778	Kapok Fibre	4	0	0	0		#N/A	#N/A	#N/A	#N/A	#N/A	9 - FIBRES OF VEGETAL AND ANIMAL ORIGIN	9
780	Jute	1	0	0	0		#N/A	#N/A	#N/A	#N/A	#N/A	9 - FIBRES OF VEGETAL AND ANIMAL ORIGIN	9
782	Other Bastfibres	1	0	0	0		#N/A	#N/A	#N/A	#N/A	#N/A	9 - FIBRES OF VEGETAL AND ANIMAL ORIGIN	9
788	Ramie	1	0	0	0		#N/A	#N/A	#N/A	#N/A	#N/A	9 - FIBRES OF VEGETAL AND ANIMAL ORIGIN	9
789	Sisal	1	0	0	0		#N/A	#N/A	#N/A	#N/A	#N/A	9 - FIBRES OF VEGETAL AND ANIMAL ORIGIN	9
800	Agave Fibres Nes	4	0	0	0		#N/A	#N/A	#N/A	#N/A	#N/A	9 - FIBRES OF VEGETAL AND ANIMAL ORIGIN	9
809	Manila Fibre (Abaca)	1	0	0	0		#N/A	#N/A	#N/A	#N/A	#N/A	9 - FIBRES OF VEGETAL AND ANIMAL ORIGIN	9
813	Coir	1	0	0	0		#N/A	#N/A	#N/A	#N/A	#N/A	9 - FIBRES OF VEGETAL AND ANIMAL ORIGIN	9
821	Fibre Crops Nes	1	0	0	0		#N/A	#N/A	#N/A	#N/A	#N/A	9 - FIBRES OF VEGETAL AND ANIMAL ORIGIN	9
826	"Tobacco, unmanufactured"	1	0	0	0		#N/A	#N/A	#N/A	#N/A	#N/A	13 - TOBACCO AND RUBBER AND OTHER CROPS	13
828	Cigarettes	2		0	0		#N/A	#N/A	#N/A	#N/A	#N/A	13 - TOBACCO AND RUBBER AND OTHER CROPS	13
829	Cigars Cheroots	2		0	0		#N/A	#N/A	#N/A	#N/A	#N/A	13 - TOBACCO AND RUBBER AND OTHER CROPS	13
831	Tobacco Products Nes	2		0	0		#N/A	#N/A	#N/A	#N/A	#N/A	13 - TOBACCO AND RUBBER AND OTHER CROPS	13
836	Natural rubber	1	0	0	0		#N/A	#N/A	#N/A	#N/A	#N/A	13 - TOBACCO AND RUBBER AND OTHER CROPS	13
837	Rubber Nat Dry	2		0	0		#N/A	#N/A	#N/A	#N/A	#N/A	13 - TOBACCO AND RUBBER AND OTHER CROPS	13
839	Gums Natural	1	0	0	0		#N/A	#N/A	#N/A	#N/A	#N/A	13 - TOBACCO AND RUBBER AND OTHER CROPS	13
840	"Compound Feed, Cattle"	3		0	0		#N/A	#N/A	#N/A	#N/A	#N/A	11 - FODDER CROPS AND PRODUCTS	11
841	"Cmpd Feed,Poultry"	3		0	0		#N/A	#N/A	#N/A	#N/A	#N/A	11 - FODDER CROPS AND PRODUCTS	11
842	"Cmpd Feed,Pigs"	3		0	0		#N/A	#N/A	#N/A	#N/A	#N/A	11 - FODDER CROPS AND PRODUCTS	11
843	Pet Food	3		0	0		#N/A	#N/A	#N/A	#N/A	#N/A	11 - FODDER CROPS AND PRODUCTS	11
845	"Cmpd Feed,Oth Or Nes"	3		0	0		#N/A	#N/A	#N/A	#N/A	#N/A	11 - FODDER CROPS AND PRODUCTS	11
846	Gluten Feed&Meal	3		0	0	2514	Maize	Cereals	#N/A	#N/A	#N/A	11 - FODDER CROPS AND PRODUCTS	11
850	Feed Supplements	3		0	0		#N/A	#N/A	#N/A	#N/A	#N/A	11 - FODDER CROPS AND PRODUCTS	11
852	"Other Conc, Nes"	3		0	0		#N/A	#N/A	#N/A	#N/A	#N/A	11 - FODDER CROPS AND PRODUCTS	11
853	Vitamins	3		0	0		#N/A	#N/A	#N/A	#N/A	#N/A	11 - FODDER CROPS AND PRODUCTS	11
854	Feed Additives	3		0	0		#N/A	#N/A	#N/A	#N/A	#N/A	11 - FODDER CROPS AND PRODUCTS	11
855	Feed Minerals	3		0	0		#N/A	#N/A	#N/A	#N/A	#N/A	11 - FODDER CROPS AND PRODUCTS	11
857	Hay Non Legum	3		0	0		#N/A	#N/A	#N/A	#N/A	#N/A	11 - FODDER CROPS AND PRODUCTS	11
858	"Hay (Clover, Lucerne,Etc)"	3		0	0		#N/A	#N/A	#N/A	#N/A	#N/A	11 - FODDER CROPS AND PRODUCTS	11
859	Hay (Unspecified)	3		0	0		#N/A	#N/A	#N/A	#N/A	#N/A	11 - FODDER CROPS AND PRODUCTS	11
862	Alfalfa Meal and Pellets	3		0	0		#N/A	#N/A	#N/A	#N/A	#N/A	11 - FODDER CROPS AND PRODUCTS	11
866	Cattle	2		0	0		#N/A	#N/A	#N/A	#N/A	#N/A	16 - LIVESTOCK	16
867	Cattle meat	1		1	1	2731	Bovine Meat	Meat	1500000	185000	79000	17 - PRODUCTS FROM SLAUGHTERED ANIMALS	17
868	"Offals of Cattle, Edible"	2		0	1	2736	"Offals, Edible"	Meat	1050000	184000	25000	17 - PRODUCTS FROM SLAUGHTERED ANIMALS	17
869	Fat of Cattle	2		0	1	2737	"Fats, Animals, Raw"	Meat	8470000	20000	930000	14 - VEGETABLE AND ANIMAL OILS AND FATS	14
870	Meat-CattleBoneless(Beef&Veal)	2		0	1	2731	Bovine Meat	Meat	1500000	185000	79000	17 - PRODUCTS FROM SLAUGHTERED ANIMALS	17
871	Cattle Butch.Fat	2		0	1	2737	"Fats, Animals, Raw"	Meat	8470000	20000	930000	14 - VEGETABLE AND ANIMAL OILS AND FATS	14
872	"Meat of Beef,Drd, Sltd,Smkd"	2		0	1	2731	Bovine Meat	Meat	2030000	343000	63000	17 - PRODUCTS FROM SLAUGHTERED ANIMALS	17
873	Meat Extracts	2		0	1	2731	Bovine Meat	Meat	2380000	160000	89000	17 - PRODUCTS FROM SLAUGHTERED ANIMALS	17
874	Sausage Beef&Veal	2		0	1	2731	Bovine Meat	Meat	3130000	117000	284000	17 - PRODUCTS FROM SLAUGHTERED ANIMALS	17
875	Preparations of Beef Meat	2		0	1	2731	Bovine Meat	Meat	2330000	250000	140000	17 - PRODUCTS FROM SLAUGHTERED ANIMALS	17
877	Homogen.Meat Prp.	2		0	1	2731	Bovine Meat	Meat	1100000	137000	57000	17 - PRODUCTS FROM SLAUGHTERED ANIMALS	17
878	Liver Prep.	2		0	1	2736	"Offals, Edible"	Meat	3150000	136000	28000	17 - PRODUCTS FROM SLAUGHTERED ANIMALS	17
882	"Cow milk, whole, fresh"	1		1	1	2848	Milk - Excluding Butter	Milk	610000	33000	33000	18 - PRODUCTS FROM LIVE ANIMALS	18
885	Cream Fresh	2		0	1	2743	Cream	Milk	1950000	27000	193000	18 - PRODUCTS FROM LIVE ANIMALS	18
886	Butter Cow Milk	2		0	1	2740	"Butter, Ghee"	Milk	7170000	9000	811000	18 - PRODUCTS FROM LIVE ANIMALS	18
887	"Ghee,Butteroil of Cow Milk"	2		0	1	2740	"Butter, Ghee"	Milk	8730000	3000	991000	18 - PRODUCTS FROM LIVE ANIMALS	18
888	Milk Skm of Cows	2		0	1	2848	Milk - Excluding Butter	Milk	350000	34000	2000	18 - PRODUCTS FROM LIVE ANIMALS	18
889	Milk Whole Cond	2		0	1	2848	Milk - Excluding Butter	Milk	3210000	79000	87000	18 - PRODUCTS FROM LIVE ANIMALS	18
890	Whey Condensed	2		0	1	2848	Milk - Excluding Butter	Milk	260000	9000	3000	18 - PRODUCTS FROM LIVE ANIMALS	18
891	Yoghurt	2		0	1	2848	Milk - Excluding Butter	Milk	610000	35000	33000	18 - PRODUCTS FROM LIVE ANIMALS	18
892	Yogh Conc.Or Not	2		0	1	2848	Milk - Excluding Butter	Milk	820000	47000	15000	18 - PRODUCTS FROM LIVE ANIMALS	18
893	"Butterm.,Curdl,Acid.Milk"	2		0	1	2848	Milk - Excluding Butter	Milk	750000	30000	52000	18 - PRODUCTS FROM LIVE ANIMALS	18
894	Milk Whole Evp	2		0	1	2848	Milk - Excluding Butter	Milk	1340000	68000	76000	18 - PRODUCTS FROM LIVE ANIMALS	18
895	Milk Skimmed Evp	2		0	1	2848	Milk - Excluding Butter	Milk	780000	76000	2000	18 - PRODUCTS FROM LIVE ANIMALS	18
896	Milk Skimmed Cond	2		0	1	2848	Milk - Excluding Butter	Milk	2710000	100000	2000	18 - PRODUCTS FROM LIVE ANIMALS	18
897	Milk Whole Dried	2		0	1	2848	Milk - Excluding Butter	Milk	4960000	263000	267000	18 - PRODUCTS FROM LIVE ANIMALS	18
898	Milk Skimmed Dry	2		0	1	2848	Milk - Excluding Butter	Milk	3620000	362000	8000	18 - PRODUCTS FROM LIVE ANIMALS	18
899	Milkdry Buttrmilk	2		0	1	2848	Milk - Excluding Butter	Milk	3870000	343000	58000	18 - PRODUCTS FROM LIVE ANIMALS	18
900	Whey Dry	2		0	1	2848	Milk - Excluding Butter	Milk	3460000	123000	8000	18 - PRODUCTS FROM LIVE ANIMALS	18
901	Cheese of Whole Cow Milk	2		0	1	2848	Milk - Excluding Butter	Milk	3870000	250000	310000	18 - PRODUCTS FROM LIVE ANIMALS	18
903	Whey Fresh	2		0	1	2848	Milk - Excluding Butter	Milk	260000	8000	2000	18 - PRODUCTS FROM LIVE ANIMALS	18
904	Cheese of Skimmed Cow Milk	2		0	1	2848	Milk - Excluding Butter	Milk	2470000	460000	40000	18 - PRODUCTS FROM LIVE ANIMALS	18
905	Whey Cheese	2		0	1	2848	Milk - Excluding Butter	Milk	720000	124000	10000	18 - PRODUCTS FROM LIVE ANIMALS	18
907	Processed Cheese	2		0	1	2848	Milk - Excluding Butter	Milk	1030000	125000	45000	18 - PRODUCTS FROM LIVE ANIMALS	18
908	Reconsti.Ted Milk	2		0	1	2848	Milk - Excluding Butter	Milk	610000	18000	34000	18 - PRODUCTS FROM LIVE ANIMALS	18
909	Prod.of Nat.Milk Constit	2		0	0	2848	Milk - Excluding Butter	Milk	#N/A	#N/A	#N/A	18 - PRODUCTS FROM LIVE ANIMALS	18
910	Ice Cream and Edible Ice	2		0	1	2848	Milk - Excluding Butter	Milk	1490000	20000	67000	18 - PRODUCTS FROM LIVE ANIMALS	18
919	Cattle Hides	2		0	0		#N/A	#N/A	#N/A	#N/A	#N/A	19 - HIDES AND SKINS	19
920	Hides Wet Salted Cattle	2		0	0		#N/A	#N/A	#N/A	#N/A	#N/A	19 - HIDES AND SKINS	19
921	Hidesdry S.Cattle	2		0	0		#N/A	#N/A	#N/A	#N/A	#N/A	19 - HIDES AND SKINS	19
922	Hides Nes Cattle	2		0	0		#N/A	#N/A	#N/A	#N/A	#N/A	19 - HIDES AND SKINS	19
928	Skins Wet Salted Calves	2		0	0		#N/A	#N/A	#N/A	#N/A	#N/A	19 - HIDES AND SKINS	19
929	Skinsdry S.Calves	2		0	0		#N/A	#N/A	#N/A	#N/A	#N/A	19 - HIDES AND SKINS	19
930	Skins Nes Calves	2		0	0		#N/A	#N/A	#N/A	#N/A	#N/A	19 - HIDES AND SKINS	19
946	Buffaloes	2		0	0		#N/A	#N/A	#N/A	#N/A	#N/A	16 - LIVESTOCK	16
947	Buffalo meat	1		1	1	2731	Bovine Meat	Meat	770000	113000	31000	17 - PRODUCTS FROM SLAUGHTERED ANIMALS	17
953	Ghee Oil of Buf	2		1	1	2740	"Butter, Ghee"	Milk	8730000	3000	991000	18 - PRODUCTS FROM LIVE ANIMALS	18
957	Buffalo Hide	2		0	0		#N/A	#N/A	#N/A	#N/A	#N/A	19 - HIDES AND SKINS	19
958	Hides Wet Salted Buffaloes	2		0	0		#N/A	#N/A	#N/A	#N/A	#N/A	19 - HIDES AND SKINS	19
959	Hides Drysalt Buf	2		0	0		#N/A	#N/A	#N/A	#N/A	#N/A	19 - HIDES AND SKINS	19
976	Sheep	2		0	0		#N/A	#N/A	#N/A	#N/A	#N/A	16 - LIVESTOCK	16
977	Sheep meat	1		1	1	2732	Mutton & Goat Meat	Meat	2630000	135000	228000	17 - PRODUCTS FROM SLAUGHTERED ANIMALS	17
978	"Offals of Sheep,Edible"	2		0	1	2736	"Offals, Edible"	Meat	1170000	146000	57000	17 - PRODUCTS FROM SLAUGHTERED ANIMALS	17
979	Fat of Sheep	2		0	1	2737	"Fats, Animals, Raw"	Meat	9020000	0	1000000	14 - VEGETABLE AND ANIMAL OILS AND FATS	14
982	"Sheep milk, whole, fresh"	1		1	1	2848	Milk - Excluding Butter	Milk	940000	59000	60000	18 - PRODUCTS FROM LIVE ANIMALS	18
983	"Butter,Ghee of Sheep Milk"	2		0	1	2740	"Butter, Ghee"	Milk	7160000	6000	810000	18 - PRODUCTS FROM LIVE ANIMALS	18
984	Cheese of Sheep Milk	2		0	1	2848	Milk - Excluding Butter	Milk	3100000	232000	228000	18 - PRODUCTS FROM LIVE ANIMALS	18
987	"Wool, greasy"	2		0	0		#N/A	#N/A	#N/A	#N/A	#N/A	9 - FIBRES OF VEGETAL AND ANIMAL ORIGIN	9
988	Wool Degreased	2		0	0		#N/A	#N/A	#N/A	#N/A	#N/A	9 - FIBRES OF VEGETAL AND ANIMAL ORIGIN	9
994	Grease incl. Lanolin Wool	2		0	0	2737	"Fats, Animals, Raw"	Meat	#N/A	#N/A	#N/A	14 - VEGETABLE AND ANIMAL OILS AND FATS	14
995	Sheepskins	2		0	0		#N/A	#N/A	#N/A	#N/A	#N/A	19 - HIDES AND SKINS	19
996	Skinswet Salted	2		0	0		#N/A	#N/A	#N/A	#N/A	#N/A	19 - HIDES AND SKINS	19
997	Skinsdry Sltsheep	2		0	0		#N/A	#N/A	#N/A	#N/A	#N/A	19 - HIDES AND SKINS	19
998	Skins Nes Sheep	2		0	0		#N/A	#N/A	#N/A	#N/A	#N/A	19 - HIDES AND SKINS	19
999	Skins With Wool Sheep	2		0	0		#N/A	#N/A	#N/A	#N/A	#N/A	19 - HIDES AND SKINS	19
1002	Karakul Skins	2		0	0		#N/A	#N/A	#N/A	#N/A	#N/A	19 - HIDES AND SKINS	19
1007	Wool Shoddy	2		0	0		#N/A	#N/A	#N/A	#N/A	#N/A	9 - FIBRES OF VEGETAL AND ANIMAL ORIGIN	9
1008	Hair Carded/ Combed	2		0	0		#N/A	#N/A	#N/A	#N/A	#N/A	9 - FIBRES OF VEGETAL AND ANIMAL ORIGIN	9
1009	Wool;Hair Waste	2		0	0		#N/A	#N/A	#N/A	#N/A	#N/A	9 - FIBRES OF VEGETAL AND ANIMAL ORIGIN	9
1016	Goats	2		0	0		#N/A	#N/A	#N/A	#N/A	#N/A	16 - LIVESTOCK	16
1017	Goat meat	1		1	1	2732	Mutton & Goat Meat	Meat	1230000	140000	70000	17 - PRODUCTS FROM SLAUGHTERED ANIMALS	17
1018	"Offals of Goats, Edible"	2		0	1	2736	"Offals, Edible"	Meat	1170000	146000	57000	17 - PRODUCTS FROM SLAUGHTERED ANIMALS	17
1021	Cheese of Goat Mlk	2		0	1	2848	Milk - Excluding Butter	Milk	2800000	160000	150000	18 - PRODUCTS FROM LIVE ANIMALS	18
1025	Goatskins	2		0	0		#N/A	#N/A	#N/A	#N/A	#N/A	19 - HIDES AND SKINS	19
1026	Skins Wet Salted Goats	2		0	0		#N/A	#N/A	#N/A	#N/A	#N/A	19 - HIDES AND SKINS	19
1027	Skinsdry Slt Goat	2		0	0		#N/A	#N/A	#N/A	#N/A	#N/A	19 - HIDES AND SKINS	19
1028	Skins Nes Goats	2		0	0		#N/A	#N/A	#N/A	#N/A	#N/A	19 - HIDES AND SKINS	19
1030	Fine Goat Hair	2		0	0		#N/A	#N/A	#N/A	#N/A	#N/A	9 - FIBRES OF VEGETAL AND ANIMAL ORIGIN	9
1031	Coarse Goat Hair	2		0	0		#N/A	#N/A	#N/A	#N/A	#N/A	9 - FIBRES OF VEGETAL AND ANIMAL ORIGIN	9
1034	Pigs	2		0	0		#N/A	#N/A	#N/A	#N/A	#N/A	16 - LIVESTOCK	16
1035	Pig meat	1		1	1	2733	Pigmeat	Meat	3260000	110000	310000	17 - PRODUCTS FROM SLAUGHTERED ANIMALS	17
1036	"Offals of Pigs, Edible"	2		0	1	2736	"Offals, Edible"	Meat	1130000	183000	35000	17 - PRODUCTS FROM SLAUGHTERED ANIMALS	17
1037	Fat of Pigs	2		0	1	2737	"Fats, Animals, Raw"	Meat	7120000	47000	767000	14 - VEGETABLE AND ANIMAL OILS AND FATS	14
1038	Pork	2		0	1	2733	Pigmeat	Meat	2200000	134000	180000	17 - PRODUCTS FROM SLAUGHTERED ANIMALS	17
1039	Bacon and Ham	2		0	1	2733	Pigmeat	Meat	3620000	131000	341000	17 - PRODUCTS FROM SLAUGHTERED ANIMALS	17
1040	Pig Butcher Fat	2		0	1	2737	"Fats, Animals, Raw"	Meat	7120000	47000	767000	14 - VEGETABLE AND ANIMAL OILS AND FATS	14
1041	Sausages of Pig Meat	2		0	1	2733	Pigmeat	Meat	4170000	117000	403000	17 - PRODUCTS FROM SLAUGHTERED ANIMALS	17
1042	Prep of Pig Meat	2		0	1	2733	Pigmeat	Meat	2390000	161000	188000	17 - PRODUCTS FROM SLAUGHTERED ANIMALS	17
1043	Lard	2		0	1	2737	"Fats, Animals, Raw"	Meat	9020000	0	1000000	14 - VEGETABLE AND ANIMAL OILS AND FATS	14
1045	Skinswet Sltdpigs	2		0	0		#N/A	#N/A	#N/A	#N/A	#N/A	19 - HIDES AND SKINS	19
1046	Skinsdry Sltdpigs	2		0	0		#N/A	#N/A	#N/A	#N/A	#N/A	19 - HIDES AND SKINS	19
1047	Skins Nes Pigs	2		0	0		#N/A	#N/A	#N/A	#N/A	#N/A	19 - HIDES AND SKINS	19
1057	Chickens	2		0	0		#N/A	#N/A	#N/A	#N/A	#N/A	16 - LIVESTOCK	16
1058	Chicken meat	1		1	1	2734	Poultry Meat	Meat	1220000	123000	77000	17 - PRODUCTS FROM SLAUGHTERED ANIMALS	17
1059	Offals Liver Chicken	2		0	1	2736	"Offals, Edible"	Meat	1250000	180000	39000	17 - PRODUCTS FROM SLAUGHTERED ANIMALS	17
1060	Fat Liver Prep (Foie Gras)	2		0	1	2734	Poultry Meat	Meat	4620000	114000	438000	17 - PRODUCTS FROM SLAUGHTERED ANIMALS	17
1061	Meat of Chicken Canned	2		0	1	2734	Poultry Meat	Meat	1650000	218000	80000	17 - PRODUCTS FROM SLAUGHTERED ANIMALS	17
1062	"Hen eggs, in shell"	1		1	1	2744	Eggs	Eggs	1390000	107000	98000	18 - PRODUCTS FROM LIVE ANIMALS	18
1063	Eggs Liquid	2		0	1	2744	Eggs	Eggs	1580000	121000	112000	18 - PRODUCTS FROM LIVE ANIMALS	18
1064	Eggs Dried	2		0	1	2744	Eggs	Eggs	5940000	458000	418000	18 - PRODUCTS FROM LIVE ANIMALS	18
1065	Fat of Poultry	2		0	1	2737	"Fats, Animals, Raw"	Meat	6290000	37000	680000	14 - VEGETABLE AND ANIMAL OILS AND FATS	14
1066	Fat of Ptry Rend	2		0	1	2737	"Fats, Animals, Raw"	Meat	9010000	0	998000	14 - VEGETABLE AND ANIMAL OILS AND FATS	14
1068	Ducks	2		0	0		#N/A	#N/A	#N/A	#N/A	#N/A	16 - LIVESTOCK	16
1069	Duck meat	1		1	1	2734	Poultry Meat	Meat	2910000	83000	283000	17 - PRODUCTS FROM SLAUGHTERED ANIMALS	17
1072	Geese and guinea fowls	2		0	0		#N/A	#N/A	#N/A	#N/A	#N/A	16 - LIVESTOCK	16
1073	Goose and guinea fowl meat	1		1	1	2734	Poultry Meat	Meat	3010000	129000	272000	17 - PRODUCTS FROM SLAUGHTERED ANIMALS	17
1074	Offals Liver Geese	2		0	1	2736	"Offals, Edible"	Meat	1330000	164000	43000	17 - PRODUCTS FROM SLAUGHTERED ANIMALS	17
1075	Offals Liver Duck	2		0	1	2736	"Offals, Edible"	Meat	1360000	187000	46000	17 - PRODUCTS FROM SLAUGHTERED ANIMALS	17
1079	Turkeys	2		0	0		#N/A	#N/A	#N/A	#N/A	#N/A	16 - LIVESTOCK	16
1080	Turkey meat	1		1	1	2734	Poultry Meat	Meat	1260000	161000	63000	17 - PRODUCTS FROM SLAUGHTERED ANIMALS	17
1083	"Pigeons, Other Birds"	2		0	0		#N/A	#N/A	2260000	142000	183000	16 - LIVESTOCK	16
1089	"Bird meat, nes"	1		1	1	2735	"Meat, Other"	Meat	1850000	171000	124000	17 - PRODUCTS FROM SLAUGHTERED ANIMALS	17
1091	"Other bird eggs,in shell"	1		1	1	2744	Eggs	Eggs	1630000	113000	121000	18 - PRODUCTS FROM LIVE ANIMALS	18
1096	Horses	2		0	0		#N/A	#N/A	#N/A	#N/A	#N/A	16 - LIVESTOCK	16
1097	Horse meat	1		1	1	2735	"Meat, Other"	Meat	850000	155000	20000	17 - PRODUCTS FROM SLAUGHTERED ANIMALS	17
1098	Offals of Horses	2		0	1	2736	"Offals, Edible"	Meat	1050000	184000	25000	17 - PRODUCTS FROM SLAUGHTERED ANIMALS	17
1100	Hair of Horses	2		0	0		#N/A	#N/A	#N/A	#N/A	#N/A	9 - FIBRES OF VEGETAL AND ANIMAL ORIGIN	9
1103	Hides Wet Salted Horses	2		0	0		#N/A	#N/A	#N/A	#N/A	#N/A	19 - HIDES AND SKINS	19
1104	Hides Dry Slt Horses	2		0	0		#N/A	#N/A	#N/A	#N/A	#N/A	19 - HIDES AND SKINS	19
1105	Hides Unsp Horse	2		0	0		#N/A	#N/A	#N/A	#N/A	#N/A	19 - HIDES AND SKINS	19
1107	Asses	2		0	0		#N/A	#N/A	#N/A	#N/A	#N/A	16 - LIVESTOCK	16
1108	Meat of Asses	1		1	1	2735	"Meat, Other"	Meat	940000	150000	30000	17 - PRODUCTS FROM SLAUGHTERED ANIMALS	17
1110	Mules	2		0	0		#N/A	#N/A	#N/A	#N/A	#N/A	16 - LIVESTOCK	16
1126	Camels	2		0	0		#N/A	#N/A	#N/A	#N/A	#N/A	16 - LIVESTOCK	16
1127	Camel meat	1		1	1	2735	"Meat, Other"	Meat	1740000	127000	132000	17 - PRODUCTS FROM SLAUGHTERED ANIMALS	17
1129	Fat of Camels	2		0	1	2737	"Fats, Animals, Raw"	Meat	8470000	20000	930000	14 - VEGETABLE AND ANIMAL OILS AND FATS	14
1134	Hides Wet Salted Camels	2		0	0		#N/A	#N/A	#N/A	#N/A	#N/A	19 - HIDES AND SKINS	19
1136	Hides Unsp Camels	2		0	0		#N/A	#N/A	#N/A	#N/A	#N/A	19 - HIDES AND SKINS	19
1140	Rabbits and hares	2		0	0		#N/A	#N/A	#N/A	#N/A	#N/A	16 - LIVESTOCK	16
1141	Rabbit meat	1		1	1	2735	"Meat, Other"	Meat	1180000	170000	50000	17 - PRODUCTS FROM SLAUGHTERED ANIMALS	17
1146	Skins of Rabbits	2		0	0		#N/A	#N/A	#N/A	#N/A	#N/A	19 - HIDES AND SKINS	19
1150	Other Rodents	2		0	0		#N/A	#N/A	810000	162000	14000	16 - LIVESTOCK	16
1157	Other Camelids	2		0	0		#N/A	#N/A	1430000	146000	90000	16 - LIVESTOCK	16
1159	Offals Other Camelids	2		0	1	2736	"Offals, Edible"	Meat	1050000	184000	25000	17 - PRODUCTS FROM SLAUGHTERED ANIMALS	17
1163	Game meat	1		1	1	2735	"Meat, Other"	Meat	1040000	180000	30000	17 - PRODUCTS FROM SLAUGHTERED ANIMALS	17
1164	Meat Dried Nes	2		0	1	2735	"Meat, Other"	Meat	2500000	554000	15000	17 - PRODUCTS FROM SLAUGHTERED ANIMALS	17
1166	Meat nes	2		0	1	2735	"Meat, Other"	Meat	1260000	164000	60000	17 - PRODUCTS FROM SLAUGHTERED ANIMALS	17
1167	Offals Nes	2		0	1	2736	"Offals, Edible"	Meat	1050000	184000	25000	17 - PRODUCTS FROM SLAUGHTERED ANIMALS	17
1168	"Oils,Fats of Animal Nes"	2		0	1	2737	"Fats, Animals, Raw"	Meat	9020000	0	1000000	14 - VEGETABLE AND ANIMAL OILS AND FATS	14
1169	Live Animals Non Food	2		0	0		#N/A	#N/A	#N/A	#N/A	#N/A	16 - LIVESTOCK	16
1171	Animals Live Nes	2		0	0		#N/A	#N/A	#N/A	#N/A	#N/A	16 - LIVESTOCK	16
1172	Prepared Meat Nes	2		0	1	2735	"Meat, Other"	Meat	2420000	206000	169000	17 - PRODUCTS FROM SLAUGHTERED ANIMALS	17
1173	Meal Meat	3		0	0		#N/A	#N/A	#N/A	#N/A	#N/A	11 - FODDER CROPS AND PRODUCTS	11
1181	Beehives	2		0	0		#N/A	#N/A	#N/A	#N/A	#N/A	16 - LIVESTOCK	16
1182	Natural honey	1		1	1	2745	Honey	Sugar	2980000	4000	0	3 - SUGAR CROPS AND SWEETENERS AND DERIVED PRODUCTS	3
1183	Beeswax	2		0	0		#N/A	#N/A	#N/A	#N/A	#N/A	18 - PRODUCTS FROM LIVE ANIMALS	18
1185	"Silk-worm cocoons, reelable"	2		0	0		#N/A	#N/A	#N/A	#N/A	#N/A	9 - FIBRES OF VEGETAL AND ANIMAL ORIGIN	9
1186	Silk Raw	2		0	0		#N/A	#N/A	#N/A	#N/A	#N/A	9 - FIBRES OF VEGETAL AND ANIMAL ORIGIN	9
1187	Cocoon Unr.&Waste	2		0	0		#N/A	#N/A	#N/A	#N/A	#N/A	9 - FIBRES OF VEGETAL AND ANIMAL ORIGIN	9
1195	Skin Furs	2		0	0		#N/A	#N/A	#N/A	#N/A	#N/A	19 - HIDES AND SKINS	19
1214	Hides Wet Salted Nes	2		0	0		#N/A	#N/A	#N/A	#N/A	#N/A	19 - HIDES AND SKINS	19
1215	Hides Dry Slt Nes	2		0	0		#N/A	#N/A	#N/A	#N/A	#N/A	19 - HIDES AND SKINS	19
1216	Hides Nes	2		0	0		#N/A	#N/A	#N/A	#N/A	#N/A	19 - HIDES AND SKINS	19
1217	Leather Use&Waste	2		0	0		#N/A	#N/A	#N/A	#N/A	#N/A	19 - HIDES AND SKINS	19
1218	Hair Fine	2		0	0		#N/A	#N/A	#N/A	#N/A	#N/A	9 - FIBRES OF VEGETAL AND ANIMAL ORIGIN	9
1219	Hair Coarse Nes	2		0	0		#N/A	#N/A	#N/A	#N/A	#N/A	9 - FIBRES OF VEGETAL AND ANIMAL ORIGIN	9
1221	Lard Stearine Oil	2		0	0	2737	"Fats, Animals, Raw"	Meat	#N/A	#N/A	#N/A	14 - VEGETABLE AND ANIMAL OILS AND FATS	14
1222	Degras	2		0	0	2737	"Fats, Animals, Raw"	Meat	#N/A	#N/A	#N/A	14 - VEGETABLE AND ANIMAL OILS AND FATS	14
1225	Tallow	2		0	0	2737	"Fats, Animals, Raw"	Meat	#N/A	#N/A	#N/A	14 - VEGETABLE AND ANIMAL OILS AND FATS	14
1232	Food Prep Nes	2		0	1		#N/A	#N/A	410000	12000	5000	13 - TOBACCO AND RUBBER AND OTHER CROPS	13
1241	Liquid Margarine	2		0	1	2586	"Oilcrops Oil, Other"	Oil	7200000	6000	810000	14 - VEGETABLE AND ANIMAL OILS AND FATS	14
1242	Margrine Short	2		0	1	2586	"Oilcrops Oil, Other"	Oil	7200000	6000	810000	14 - VEGETABLE AND ANIMAL OILS AND FATS	14
1243	Fat Prep Nes	2		0	1	2737	"Fats, Animals, Raw"	Meat	7200000	6000	810000	14 - VEGETABLE AND ANIMAL OILS AND FATS	14
1259	"Food Waste,Prep. for Feed"	3		0	0		#N/A	#N/A	#N/A	#N/A	#N/A	11 - FODDER CROPS AND PRODUCTS	11
1274	Oil Boiled Etc	2		0	1	2586	"Oilcrops Oil, Other"	Oil	9020000	0	1000000	14 - VEGETABLE AND ANIMAL OILS AND FATS	14
1275	Oil Hydrogenated	2		0	1	2586	"Oilcrops Oil, Other"	Oil	7200000	6000	810000	14 - VEGETABLE AND ANIMAL OILS AND FATS	14
1276	Fatty Acids	2		0	0	2577	Palm Oil	Oil	#N/A	#N/A	#N/A	14 - VEGETABLE AND ANIMAL OILS AND FATS	14
1277	Res.Fatty Subs	2		0	0	2577	Palm Oil	Oil	#N/A	#N/A	#N/A	20 - OTHER LIVESTOCK PRODUCTS	20
1293	Crude Materials	2		0	0		#N/A	#N/A	#N/A	#N/A	#N/A	13 - TOBACCO AND RUBBER AND OTHER CROPS	13
1295	Spermaceti	2		0	0		#N/A	#N/A	#N/A	#N/A	#N/A	14 - VEGETABLE AND ANIMAL OILS AND FATS	14
1296	Waxes Vegetable	2		0	0		#N/A	#N/A	#N/A	#N/A	#N/A	13 - TOBACCO AND RUBBER AND OTHER CROPS	13
